,errors
0,"['IVR', 'KeyError', KeyError(2008), ['File : soneprocess.py , Line : 90, Func.Name : parse_helper, Message : revenue_growth = (revenue[ipo_year] - revenue[ipo_year-1]) / revenue[ipo_year-1]']]"
1,"['PMT', 'KeyError', KeyError(2008), ['File : soneprocess.py , Line : 90, Func.Name : parse_helper, Message : revenue_growth = (revenue[ipo_year] - revenue[ipo_year-1]) / revenue[ipo_year-1]']]"
2,"['GSM', 'KeyError', KeyError(2008), ['File : soneprocess.py , Line : 90, Func.Name : parse_helper, Message : revenue_growth = (revenue[ipo_year] - revenue[ipo_year-1]) / revenue[ipo_year-1]']]"
3,"['AVGO', 'KeyError', KeyError(2008), ['File : soneprocess.py , Line : 90, Func.Name : parse_helper, Message : revenue_growth = (revenue[ipo_year] - revenue[ipo_year-1]) / revenue[ipo_year-1]']]"
4,"['EM', 'KeyError', KeyError(2008), ['File : soneprocess.py , Line : 90, Func.Name : parse_helper, Message : revenue_growth = (revenue[ipo_year] - revenue[ipo_year-1]) / revenue[ipo_year-1]']]"
5,"['BSBR', 'KeyError', KeyError('ebit'), ['File : soneprocess.py , Line : 79, Func.Name : parse_helper, Message : ret[""ebit""] =  rowvalues[""ebit""]']]"
6,"['OMER', 'KeyError', KeyError('costofrevenue'), [""File : soneprocess.py , Line : 83, Func.Name : parse_helper, Message : ret['costofrevenue']=rowvalues['costofrevenue']""]]"
7,"['GTEC', 'KeyError', KeyError(2008), ['File : soneprocess.py , Line : 90, Func.Name : parse_helper, Message : revenue_growth = (revenue[ipo_year] - revenue[ipo_year-1]) / revenue[ipo_year-1]']]"
8,"['ANTH', 'KeyError', KeyError('totalrevenue'), [""File : soneprocess.py , Line : 75, Func.Name : parse_helper, Message : revenue[ipo_year-1] = rowvalues['totalrevenue']""]]"
9,"['AVEO', 'KeyError', KeyError('costofrevenue'), [""File : soneprocess.py , Line : 83, Func.Name : parse_helper, Message : ret['costofrevenue']=rowvalues['costofrevenue']""]]"
10,"['FIBK', 'KeyError', KeyError('ebit'), ['File : soneprocess.py , Line : 79, Func.Name : parse_helper, Message : ret[""ebit""] =  rowvalues[""ebit""]']]"
11,"['PRI', 'KeyError', KeyError('grossprofit'), [""File : soneprocess.py , Line : 80, Func.Name : parse_helper, Message : ret['grossprofit']=rowvalues['grossprofit']""]]"
12,"['MUSA', 'KeyError', KeyError(2009), ['File : soneprocess.py , Line : 90, Func.Name : parse_helper, Message : revenue_growth = (revenue[ipo_year] - revenue[ipo_year-1]) / revenue[ipo_year-1]']]"
13,"['ALIM', 'KeyError', KeyError('totalrevenue'), [""File : soneprocess.py , Line : 75, Func.Name : parse_helper, Message : revenue[ipo_year-1] = rowvalues['totalrevenue']""]]"
14,"['ONE', 'KeyError', KeyError(2009), ['File : soneprocess.py , Line : 90, Func.Name : parse_helper, Message : revenue_growth = (revenue[ipo_year] - revenue[ipo_year-1]) / revenue[ipo_year-1]']]"
15,"['HPP', 'KeyError', KeyError('costofrevenue'), [""File : soneprocess.py , Line : 83, Func.Name : parse_helper, Message : ret['costofrevenue']=rowvalues['costofrevenue']""]]"
16,"['GDOT', 'KeyError', KeyError('costofrevenue'), [""File : soneprocess.py , Line : 83, Func.Name : parse_helper, Message : ret['costofrevenue']=rowvalues['costofrevenue']""]]"
17,"['BKU', 'KeyError', KeyError('ebit'), ['File : soneprocess.py , Line : 79, Func.Name : parse_helper, Message : ret[""ebit""] =  rowvalues[""ebit""]']]"
18,"['BCDS', 'KeyError', KeyError(2010), ['File : soneprocess.py , Line : 90, Func.Name : parse_helper, Message : revenue_growth = (revenue[ipo_year] - revenue[ipo_year-1]) / revenue[ipo_year-1]']]"
19,"['APO', 'KeyError', KeyError('ebit'), ['File : soneprocess.py , Line : 79, Func.Name : parse_helper, Message : ret[""ebit""] =  rowvalues[""ebit""]']]"
20,"['CLVS', 'KeyError', KeyError('costofrevenue'), [""File : soneprocess.py , Line : 83, Func.Name : parse_helper, Message : ret['costofrevenue']=rowvalues['costofrevenue']""]]"
21,"['VSTM', 'KeyError', KeyError('totalrevenue'), [""File : soneprocess.py , Line : 75, Func.Name : parse_helper, Message : revenue[ipo_year-1] = rowvalues['totalrevenue']""]]"
22,"['RM', 'KeyError', KeyError('ebit'), ['File : soneprocess.py , Line : 79, Func.Name : parse_helper, Message : ret[""ebit""] =  rowvalues[""ebit""]']]"
23,"['MACK', 'KeyError', KeyError('costofrevenue'), [""File : soneprocess.py , Line : 83, Func.Name : parse_helper, Message : ret['costofrevenue']=rowvalues['costofrevenue']""]]"
24,"['CG', 'KeyError', KeyError('ebit'), ['File : soneprocess.py , Line : 79, Func.Name : parse_helper, Message : ret[""ebit""] =  rowvalues[""ebit""]']]"
25,"['EVER', 'KeyError', KeyError(2011), ['File : soneprocess.py , Line : 90, Func.Name : parse_helper, Message : revenue_growth = (revenue[ipo_year] - revenue[ipo_year-1]) / revenue[ipo_year-1]']]"
26,"['TLYS', 'KeyError', KeyError('totalassets'), [""File : soneprocess.py , Line : 84, Func.Name : parse_helper, Message : ret['totalassets']=rowvalues['totalassets']""]]"
27,"['EUSP', 'ZeroDivisionError', ZeroDivisionError('float division by zero'), ['File : soneprocess.py , Line : 90, Func.Name : parse_helper, Message : revenue_growth = (revenue[ipo_year] - revenue[ipo_year-1]) / revenue[ipo_year-1]']]"
28,"['MANU', 'KeyError', KeyError('costofrevenue'), [""File : soneprocess.py , Line : 83, Func.Name : parse_helper, Message : ret['costofrevenue']=rowvalues['costofrevenue']""]]"
29,"['PFMT', 'KeyError', KeyError('costofrevenue'), [""File : soneprocess.py , Line : 83, Func.Name : parse_helper, Message : ret['costofrevenue']=rowvalues['costofrevenue']""]]"
30,"['NBHC', 'KeyError', KeyError('ebit'), ['File : soneprocess.py , Line : 79, Func.Name : parse_helper, Message : ret[""ebit""] =  rowvalues[""ebit""]']]"
31,"['SRC', 'KeyError', KeyError('costofrevenue'), [""File : soneprocess.py , Line : 83, Func.Name : parse_helper, Message : ret['costofrevenue']=rowvalues['costofrevenue']""]]"
32,"['RGLS', 'KeyError', KeyError('costofrevenue'), [""File : soneprocess.py , Line : 83, Func.Name : parse_helper, Message : ret['costofrevenue']=rowvalues['costofrevenue']""]]"
33,"['ICPT', 'KeyError', KeyError('costofrevenue'), [""File : soneprocess.py , Line : 83, Func.Name : parse_helper, Message : ret['costofrevenue']=rowvalues['costofrevenue']""]]"
34,"['WDAY', 'KeyError', KeyError(2011), ['File : soneprocess.py , Line : 90, Func.Name : parse_helper, Message : revenue_growth = (revenue[ipo_year] - revenue[ipo_year-1]) / revenue[ipo_year-1]']]"
35,"['CNOB', 'KeyError', KeyError('ebit'), ['File : soneprocess.py , Line : 79, Func.Name : parse_helper, Message : ret[""ebit""] =  rowvalues[""ebit""]']]"
36,"['IBTX', 'KeyError', KeyError('ebit'), ['File : soneprocess.py , Line : 79, Func.Name : parse_helper, Message : ret[""ebit""] =  rowvalues[""ebit""]']]"
37,"['CMRX', 'KeyError', KeyError('costofrevenue'), [""File : soneprocess.py , Line : 83, Func.Name : parse_helper, Message : ret['costofrevenue']=rowvalues['costofrevenue']""]]"
38,"['HASI', 'KeyError', KeyError('costofrevenue'), [""File : soneprocess.py , Line : 83, Func.Name : parse_helper, Message : ret['costofrevenue']=rowvalues['costofrevenue']""]]"
39,"['VOYA', 'KeyError', KeyError('grossprofit'), [""File : soneprocess.py , Line : 80, Func.Name : parse_helper, Message : ret['grossprofit']=rowvalues['grossprofit']""]]"
40,"['TSC', 'KeyError', KeyError('ebit'), ['File : soneprocess.py , Line : 79, Func.Name : parse_helper, Message : ret[""ebit""] =  rowvalues[""ebit""]']]"
41,"['PFSI', 'KeyError', KeyError(2012), ['File : soneprocess.py , Line : 90, Func.Name : parse_helper, Message : revenue_growth = (revenue[ipo_year] - revenue[ipo_year-1]) / revenue[ipo_year-1]']]"
42,"['SLNN', 'KeyError', KeyError('totalrevenue'), [""File : soneprocess.py , Line : 75, Func.Name : parse_helper, Message : revenue[ipo_year-1] = rowvalues['totalrevenue']""]]"
43,"['EPZM', 'KeyError', KeyError('costofrevenue'), [""File : soneprocess.py , Line : 83, Func.Name : parse_helper, Message : ret['costofrevenue']=rowvalues['costofrevenue']""]]"
44,"['AGIO', 'KeyError', KeyError('costofrevenue'), [""File : soneprocess.py , Line : 83, Func.Name : parse_helper, Message : ret['costofrevenue']=rowvalues['costofrevenue']""]]"
45,"['HTBX', 'KeyError', KeyError('costofrevenue'), [""File : soneprocess.py , Line : 83, Func.Name : parse_helper, Message : ret['costofrevenue']=rowvalues['costofrevenue']""]]"
46,"['ONTX', 'KeyError', KeyError('costofrevenue'), [""File : soneprocess.py , Line : 83, Func.Name : parse_helper, Message : ret['costofrevenue']=rowvalues['costofrevenue']""]]"
47,"['ASC', 'KeyError', KeyError('costofrevenue'), [""File : soneprocess.py , Line : 83, Func.Name : parse_helper, Message : ret['costofrevenue']=rowvalues['costofrevenue']""]]"
48,"['AMH', 'KeyError', KeyError(2011), ['File : soneprocess.py , Line : 90, Func.Name : parse_helper, Message : revenue_growth = (revenue[ipo_year] - revenue[ipo_year-1]) / revenue[ipo_year-1]']]"
49,"['MIXT', 'KeyError', KeyError('totalrevenue'), [""File : soneprocess.py , Line : 75, Func.Name : parse_helper, Message : revenue[ipo_year-1] = rowvalues['totalrevenue']""]]"
50,"['FPRX', 'KeyError', KeyError('costofrevenue'), [""File : soneprocess.py , Line : 83, Func.Name : parse_helper, Message : ret['costofrevenue']=rowvalues['costofrevenue']""]]"
51,"['XLRN', 'KeyError', KeyError('costofrevenue'), [""File : soneprocess.py , Line : 83, Func.Name : parse_helper, Message : ret['costofrevenue']=rowvalues['costofrevenue']""]]"
52,"['PINC', 'KeyError', KeyError('totalassets'), [""File : soneprocess.py , Line : 84, Func.Name : parse_helper, Message : ret['totalassets']=rowvalues['totalassets']""]]"
53,"['FATE', 'KeyError', KeyError('costofrevenue'), [""File : soneprocess.py , Line : 83, Func.Name : parse_helper, Message : ret['costofrevenue']=rowvalues['costofrevenue']""]]"
54,"['RMAX', 'KeyError', KeyError('costofrevenue'), [""File : soneprocess.py , Line : 83, Func.Name : parse_helper, Message : ret['costofrevenue']=rowvalues['costofrevenue']""]]"
55,"['MGNX', 'KeyError', KeyError('costofrevenue'), [""File : soneprocess.py , Line : 83, Func.Name : parse_helper, Message : ret['costofrevenue']=rowvalues['costofrevenue']""]]"
56,"['AERI', 'KeyError', KeyError('totalrevenue'), [""File : soneprocess.py , Line : 75, Func.Name : parse_helper, Message : revenue[ipo_year-1] = rowvalues['totalrevenue']""]]"
57,"['ESNT', 'KeyError', KeyError('grossprofit'), [""File : soneprocess.py , Line : 80, Func.Name : parse_helper, Message : ret['grossprofit']=rowvalues['grossprofit']""]]"
58,"['KPTI', 'KeyError', KeyError('costofrevenue'), [""File : soneprocess.py , Line : 83, Func.Name : parse_helper, Message : ret['costofrevenue']=rowvalues['costofrevenue']""]]"
59,"['DRIO', 'KeyError', KeyError('totalrevenue'), [""File : soneprocess.py , Line : 75, Func.Name : parse_helper, Message : revenue[ipo_year-1] = rowvalues['totalrevenue']""]]"
60,"['NMIH', 'KeyError', KeyError('grossprofit'), [""File : soneprocess.py , Line : 80, Func.Name : parse_helper, Message : ret['grossprofit']=rowvalues['grossprofit']""]]"
61,"['TNDM', 'ZeroDivisionError', ZeroDivisionError('float division by zero'), ['File : soneprocess.py , Line : 90, Func.Name : parse_helper, Message : revenue_growth = (revenue[ipo_year] - revenue[ipo_year-1]) / revenue[ipo_year-1]']]"
62,"['XNCR', 'KeyError', KeyError('costofrevenue'), [""File : soneprocess.py , Line : 83, Func.Name : parse_helper, Message : ret['costofrevenue']=rowvalues['costofrevenue']""]]"
63,"['TLOG', 'KeyError', KeyError('costofrevenue'), [""File : soneprocess.py , Line : 83, Func.Name : parse_helper, Message : ret['costofrevenue']=rowvalues['costofrevenue']""]]"
64,"['RDUS', 'KeyError', KeyError('totalrevenue'), [""File : soneprocess.py , Line : 75, Func.Name : parse_helper, Message : revenue[ipo_year-1] = rowvalues['totalrevenue']""]]"
65,"['ARDX', 'KeyError', KeyError('costofrevenue'), [""File : soneprocess.py , Line : 83, Func.Name : parse_helper, Message : ret['costofrevenue']=rowvalues['costofrevenue']""]]"
66,"['ADPT', 'KeyError', KeyError(2013), ['File : soneprocess.py , Line : 90, Func.Name : parse_helper, Message : revenue_growth = (revenue[ipo_year] - revenue[ipo_year-1]) / revenue[ipo_year-1]']]"
67,"['ISTR', 'KeyError', KeyError('ebit'), ['File : soneprocess.py , Line : 79, Func.Name : parse_helper, Message : ret[""ebit""] =  rowvalues[""ebit""]']]"
68,"['SAGE', 'KeyError', KeyError('totalrevenue'), [""File : soneprocess.py , Line : 75, Func.Name : parse_helper, Message : revenue[ipo_year-1] = rowvalues['totalrevenue']""]]"
69,"['HQY', 'KeyError', KeyError(2012), ['File : soneprocess.py , Line : 90, Func.Name : parse_helper, Message : revenue_growth = (revenue[ipo_year] - revenue[ipo_year-1]) / revenue[ipo_year-1]']]"
70,"['SYF', 'KeyError', KeyError('ebit'), ['File : soneprocess.py , Line : 79, Func.Name : parse_helper, Message : ret[""ebit""] =  rowvalues[""ebit""]']]"
71,"['EARS', 'KeyError', KeyError('totalrevenue'), [""File : soneprocess.py , Line : 75, Func.Name : parse_helper, Message : revenue[ipo_year-1] = rowvalues['totalrevenue']""]]"
72,"['OTIC', 'KeyError', KeyError('totalrevenue'), [""File : soneprocess.py , Line : 75, Func.Name : parse_helper, Message : revenue[ipo_year-1] = rowvalues['totalrevenue']""]]"
73,"['AFMD', 'KeyError', KeyError('costofrevenue'), [""File : soneprocess.py , Line : 83, Func.Name : parse_helper, Message : ret['costofrevenue']=rowvalues['costofrevenue']""]]"
74,"['PRQR', 'KeyError', KeyError('totalrevenue'), [""File : soneprocess.py , Line : 75, Func.Name : parse_helper, Message : revenue[ipo_year-1] = rowvalues['totalrevenue']""]]"
75,"['AVAL', 'KeyError', KeyError('ebit'), ['File : soneprocess.py , Line : 79, Func.Name : parse_helper, Message : ret[""ebit""] =  rowvalues[""ebit""]']]"
76,"['MDLY', 'KeyError', KeyError('ebit'), ['File : soneprocess.py , Line : 79, Func.Name : parse_helper, Message : ret[""ebit""] =  rowvalues[""ebit""]']]"
77,"['CFG', 'KeyError', KeyError('ebit'), ['File : soneprocess.py , Line : 79, Func.Name : parse_helper, Message : ret[""ebit""] =  rowvalues[""ebit""]']]"
78,"['GWGH', 'KeyError', KeyError('grossprofit'), [""File : soneprocess.py , Line : 80, Func.Name : parse_helper, Message : ret['grossprofit']=rowvalues['grossprofit']""]]"
79,"['XENE', 'KeyError', KeyError('costofrevenue'), [""File : soneprocess.py , Line : 83, Func.Name : parse_helper, Message : ret['costofrevenue']=rowvalues['costofrevenue']""]]"
80,"['CHRS', 'KeyError', KeyError('costofrevenue'), [""File : soneprocess.py , Line : 83, Func.Name : parse_helper, Message : ret['costofrevenue']=rowvalues['costofrevenue']""]]"
81,"['TBK', 'KeyError', KeyError('ebit'), ['File : soneprocess.py , Line : 79, Func.Name : parse_helper, Message : ret[""ebit""] =  rowvalues[""ebit""]']]"
82,"['FGEN', 'KeyError', KeyError('costofrevenue'), [""File : soneprocess.py , Line : 83, Func.Name : parse_helper, Message : ret['costofrevenue']=rowvalues['costofrevenue']""]]"
83,"['STOR', 'KeyError', KeyError('costofrevenue'), [""File : soneprocess.py , Line : 83, Func.Name : parse_helper, Message : ret['costofrevenue']=rowvalues['costofrevenue']""]]"
84,"['PGRE', 'KeyError', KeyError(2013), ['File : soneprocess.py , Line : 90, Func.Name : parse_helper, Message : revenue_growth = (revenue[ipo_year] - revenue[ipo_year-1]) / revenue[ipo_year-1]']]"
85,"['LC', 'KeyError', KeyError('ebit'), ['File : soneprocess.py , Line : 79, Func.Name : parse_helper, Message : ret[""ebit""] =  rowvalues[""ebit""]']]"
86,"['MOMO', 'ZeroDivisionError', ZeroDivisionError('float division by zero'), ['File : soneprocess.py , Line : 90, Func.Name : parse_helper, Message : revenue_growth = (revenue[ipo_year] - revenue[ipo_year-1]) / revenue[ipo_year-1]']]"
87,"['JRVR', 'KeyError', KeyError('grossprofit'), [""File : soneprocess.py , Line : 80, Func.Name : parse_helper, Message : ret['grossprofit']=rowvalues['grossprofit']""]]"
88,"['BLPH', 'KeyError', KeyError('totalrevenue'), [""File : soneprocess.py , Line : 75, Func.Name : parse_helper, Message : revenue[ipo_year-1] = rowvalues['totalrevenue']""]]"
89,"['SMMT', 'KeyError', KeyError('costofrevenue'), [""File : soneprocess.py , Line : 83, Func.Name : parse_helper, Message : ret['costofrevenue']=rowvalues['costofrevenue']""]]"
90,"['CLLS', 'KeyError', KeyError('costofrevenue'), [""File : soneprocess.py , Line : 83, Func.Name : parse_helper, Message : ret['costofrevenue']=rowvalues['costofrevenue']""]]"
91,"['XBIT', 'KeyError', KeyError('totalrevenue'), [""File : soneprocess.py , Line : 75, Func.Name : parse_helper, Message : revenue[ipo_year-1] = rowvalues['totalrevenue']""]]"
92,"['CDTX', 'KeyError', KeyError('totalrevenue'), [""File : soneprocess.py , Line : 75, Func.Name : parse_helper, Message : revenue[ipo_year-1] = rowvalues['totalrevenue']""]]"
93,"['VIRT', 'KeyError', KeyError('ebit'), ['File : soneprocess.py , Line : 79, Func.Name : parse_helper, Message : ret[""ebit""] =  rowvalues[""ebit""]']]"
94,"['KMPH', 'KeyError', KeyError('costofrevenue'), [""File : soneprocess.py , Line : 83, Func.Name : parse_helper, Message : ret['costofrevenue']=rowvalues['costofrevenue']""]]"
95,"['BPMC', 'KeyError', KeyError('costofrevenue'), [""File : soneprocess.py , Line : 83, Func.Name : parse_helper, Message : ret['costofrevenue']=rowvalues['costofrevenue']""]]"
96,"['ADAP', 'KeyError', KeyError('costofrevenue'), [""File : soneprocess.py , Line : 83, Func.Name : parse_helper, Message : ret['costofrevenue']=rowvalues['costofrevenue']""]]"
97,"['COLL', 'KeyError', KeyError('totalrevenue'), [""File : soneprocess.py , Line : 75, Func.Name : parse_helper, Message : revenue[ipo_year-1] = rowvalues['totalrevenue']""]]"
98,"['LIFE', 'KeyError', KeyError('totalrevenue'), [""File : soneprocess.py , Line : 75, Func.Name : parse_helper, Message : revenue[ipo_year-1] = rowvalues['totalrevenue']""]]"
99,"['BVXV', 'KeyError', KeyError('totalrevenue'), [""File : soneprocess.py , Line : 75, Func.Name : parse_helper, Message : revenue[ipo_year-1] = rowvalues['totalrevenue']""]]"
100,"['JAGX', 'KeyError', KeyError(2013), ['File : soneprocess.py , Line : 90, Func.Name : parse_helper, Message : revenue_growth = (revenue[ipo_year] - revenue[ipo_year-1]) / revenue[ipo_year-1]']]"
101,"['GLPG', 'KeyError', KeyError('costofrevenue'), [""File : soneprocess.py , Line : 83, Func.Name : parse_helper, Message : ret['costofrevenue']=rowvalues['costofrevenue']""]]"
102,"['OLLI', 'KeyError', KeyError(2013), ['File : soneprocess.py , Line : 90, Func.Name : parse_helper, Message : revenue_growth = (revenue[ipo_year] - revenue[ipo_year-1]) / revenue[ipo_year-1]']]"
103,"['CHMA', 'KeyError', KeyError('costofrevenue'), [""File : soneprocess.py , Line : 83, Func.Name : parse_helper, Message : ret['costofrevenue']=rowvalues['costofrevenue']""]]"
104,"['LOB', 'KeyError', KeyError('ebit'), ['File : soneprocess.py , Line : 79, Func.Name : parse_helper, Message : ret[""ebit""] =  rowvalues[""ebit""]']]"
105,"['VTVT', 'KeyError', KeyError('costofrevenue'), [""File : soneprocess.py , Line : 83, Func.Name : parse_helper, Message : ret['costofrevenue']=rowvalues['costofrevenue']""]]"
106,"['AQMS', 'KeyError', KeyError(2014), ['File : soneprocess.py , Line : 90, Func.Name : parse_helper, Message : revenue_growth = (revenue[ipo_year] - revenue[ipo_year-1]) / revenue[ipo_year-1]']]"
107,"['KURA', 'KeyError', KeyError('totalrevenue'), [""File : soneprocess.py , Line : 75, Func.Name : parse_helper, Message : revenue[ipo_year-1] = rowvalues['totalrevenue']""]]"
108,"['EQBK', 'KeyError', KeyError('ebit'), ['File : soneprocess.py , Line : 79, Func.Name : parse_helper, Message : ret[""ebit""] =  rowvalues[""ebit""]']]"
109,"['VYGR', 'KeyError', KeyError('costofrevenue'), [""File : soneprocess.py , Line : 83, Func.Name : parse_helper, Message : ret['costofrevenue']=rowvalues['costofrevenue']""]]"
110,"['WVE', 'KeyError', KeyError('costofrevenue'), [""File : soneprocess.py , Line : 83, Func.Name : parse_helper, Message : ret['costofrevenue']=rowvalues['costofrevenue']""]]"
111,"['MESO', 'KeyError', KeyError('costofrevenue'), [""File : soneprocess.py , Line : 83, Func.Name : parse_helper, Message : ret['costofrevenue']=rowvalues['costofrevenue']""]]"
112,"['MIME', 'KeyError', KeyError(2013), ['File : soneprocess.py , Line : 90, Func.Name : parse_helper, Message : revenue_growth = (revenue[ipo_year] - revenue[ipo_year-1]) / revenue[ipo_year-1]']]"
113,"['DLTH', 'KeyError', KeyError(2013), ['File : soneprocess.py , Line : 90, Func.Name : parse_helper, Message : revenue_growth = (revenue[ipo_year] - revenue[ipo_year-1]) / revenue[ipo_year-1]']]"
114,"['CLSD', 'KeyError', KeyError('costofrevenue'), [""File : soneprocess.py , Line : 83, Func.Name : parse_helper, Message : ret['costofrevenue']=rowvalues['costofrevenue']""]]"
115,"['PBNC', 'KeyError', KeyError('sicdescription'), [""File : soneprocess.py , Line : 78, Func.Name : parse_helper, Message : ret['sicdescription'] = rowvalues['sicdescription']""]]"
116,"['SELB', 'KeyError', KeyError('costofrevenue'), [""File : soneprocess.py , Line : 83, Func.Name : parse_helper, Message : ret['costofrevenue']=rowvalues['costofrevenue']""]]"
117,"['SYRS', 'KeyError', KeyError('costofrevenue'), [""File : soneprocess.py , Line : 83, Func.Name : parse_helper, Message : ret['costofrevenue']=rowvalues['costofrevenue']""]]"
118,"['LN', 'KeyError', KeyError('costofrevenue'), [""File : soneprocess.py , Line : 83, Func.Name : parse_helper, Message : ret['costofrevenue']=rowvalues['costofrevenue']""]]"
119,"['KNSL', 'KeyError', KeyError('grossprofit'), [""File : soneprocess.py , Line : 80, Func.Name : parse_helper, Message : ret['grossprofit']=rowvalues['grossprofit']""]]"
120,"['APOP', 'KeyError', KeyError('totalrevenue'), [""File : soneprocess.py , Line : 75, Func.Name : parse_helper, Message : revenue[ipo_year-1] = rowvalues['totalrevenue']""]]"
121,"['FHB', 'KeyError', KeyError('ebit'), ['File : soneprocess.py , Line : 79, Func.Name : parse_helper, Message : ret[""ebit""] =  rowvalues[""ebit""]']]"
122,"['ATMR', 'KeyError', KeyError(2015), ['File : soneprocess.py , Line : 90, Func.Name : parse_helper, Message : revenue_growth = (revenue[ipo_year] - revenue[ipo_year-1]) / revenue[ipo_year-1]']]"
123,"['PTGX', 'KeyError', KeyError('totalrevenue'), [""File : soneprocess.py , Line : 75, Func.Name : parse_helper, Message : revenue[ipo_year-1] = rowvalues['totalrevenue']""]]"
124,"['NTB', 'KeyError', KeyError('ebit'), ['File : soneprocess.py , Line : 79, Func.Name : parse_helper, Message : ret[""ebit""] =  rowvalues[""ebit""]']]"
125,"['FBK', 'KeyError', KeyError('ebit'), ['File : soneprocess.py , Line : 79, Func.Name : parse_helper, Message : ret[""ebit""] =  rowvalues[""ebit""]']]"
126,"['NOVN', 'KeyError', KeyError('costofrevenue'), [""File : soneprocess.py , Line : 83, Func.Name : parse_helper, Message : ret['costofrevenue']=rowvalues['costofrevenue']""]]"
127,"['TTD', 'KeyError', KeyError('costofrevenue'), [""File : soneprocess.py , Line : 83, Func.Name : parse_helper, Message : ret['costofrevenue']=rowvalues['costofrevenue']""]]"
128,"['CSTR', 'KeyError', KeyError('ebit'), ['File : soneprocess.py , Line : 79, Func.Name : parse_helper, Message : ret[""ebit""] =  rowvalues[""ebit""]']]"
129,"['ACIU', 'KeyError', KeyError('costofrevenue'), [""File : soneprocess.py , Line : 83, Func.Name : parse_helper, Message : ret['costofrevenue']=rowvalues['costofrevenue']""]]"
130,"['SNES', 'KeyError', KeyError('costofrevenue'), [""File : soneprocess.py , Line : 83, Func.Name : parse_helper, Message : ret['costofrevenue']=rowvalues['costofrevenue']""]]"
131,"['ATH', 'KeyError', KeyError('grossprofit'), [""File : soneprocess.py , Line : 80, Func.Name : parse_helper, Message : ret['grossprofit']=rowvalues['grossprofit']""]]"
132,"['TIG', 'KeyError', KeyError(2015), ['File : soneprocess.py , Line : 90, Func.Name : parse_helper, Message : revenue_growth = (revenue[ipo_year] - revenue[ipo_year-1]) / revenue[ipo_year-1]']]"
133,"['METC', 'ZeroDivisionError', ZeroDivisionError('float division by zero'), ['File : soneprocess.py , Line : 90, Func.Name : parse_helper, Message : revenue_growth = (revenue[ipo_year] - revenue[ipo_year-1]) / revenue[ipo_year-1]']]"
134,"['HLNE', 'KeyError', KeyError('ebit'), ['File : soneprocess.py , Line : 79, Func.Name : parse_helper, Message : ret[""ebit""] =  rowvalues[""ebit""]']]"
135,"['BYSI', 'KeyError', KeyError('costofrevenue'), [""File : soneprocess.py , Line : 83, Func.Name : parse_helper, Message : ret['costofrevenue']=rowvalues['costofrevenue']""]]"
136,"['CADE', 'KeyError', KeyError('ebit'), ['File : soneprocess.py , Line : 79, Func.Name : parse_helper, Message : ret[""ebit""] =  rowvalues[""ebit""]']]"
137,"['VRNA', 'KeyError', KeyError('totalrevenue'), [""File : soneprocess.py , Line : 75, Func.Name : parse_helper, Message : revenue[ipo_year-1] = rowvalues['totalrevenue']""]]"
138,"['CLDR', 'KeyError', KeyError(2015), ['File : soneprocess.py , Line : 90, Func.Name : parse_helper, Message : revenue_growth = (revenue[ipo_year] - revenue[ipo_year-1]) / revenue[ipo_year-1]']]"
139,"['ZYME', 'KeyError', KeyError('costofrevenue'), [""File : soneprocess.py , Line : 83, Func.Name : parse_helper, Message : ret['costofrevenue']=rowvalues['costofrevenue']""]]"
140,"['KALA', 'KeyError', KeyError('costofrevenue'), [""File : soneprocess.py , Line : 83, Func.Name : parse_helper, Message : ret['costofrevenue']=rowvalues['costofrevenue']""]]"
141,"['RBB', 'KeyError', KeyError('ebit'), ['File : soneprocess.py , Line : 79, Func.Name : parse_helper, Message : ret[""ebit""] =  rowvalues[""ebit""]']]"
142,"['CELC', 'KeyError', KeyError('totalrevenue'), [""File : soneprocess.py , Line : 75, Func.Name : parse_helper, Message : revenue[ipo_year-1] = rowvalues['totalrevenue']""]]"
143,"['ZLAB', 'KeyError', KeyError('totalrevenue'), [""File : soneprocess.py , Line : 75, Func.Name : parse_helper, Message : revenue[ipo_year-1] = rowvalues['totalrevenue']""]]"
144,"['NCNA', 'KeyError', KeyError('totalrevenue'), [""File : soneprocess.py , Line : 75, Func.Name : parse_helper, Message : revenue[ipo_year-1] = rowvalues['totalrevenue']""]]"
145,"['DCPH', 'KeyError', KeyError('costofrevenue'), [""File : soneprocess.py , Line : 83, Func.Name : parse_helper, Message : ret['costofrevenue']=rowvalues['costofrevenue']""]]"
146,"['ALNA', 'KeyError', KeyError('totalrevenue'), [""File : soneprocess.py , Line : 75, Func.Name : parse_helper, Message : revenue[ipo_year-1] = rowvalues['totalrevenue']""]]"
147,"['SPRO', 'KeyError', KeyError('costofrevenue'), [""File : soneprocess.py , Line : 83, Func.Name : parse_helper, Message : ret['costofrevenue']=rowvalues['costofrevenue']""]]"
148,"['HX', 'KeyError', KeyError('costofrevenue'), [""File : soneprocess.py , Line : 83, Func.Name : parse_helper, Message : ret['costofrevenue']=rowvalues['costofrevenue']""]]"
149,"['MCB', 'KeyError', KeyError('ebit'), ['File : soneprocess.py , Line : 79, Func.Name : parse_helper, Message : ret[""ebit""] =  rowvalues[""ebit""]']]"
150,"['CBTX', 'KeyError', KeyError('ebit'), ['File : soneprocess.py , Line : 79, Func.Name : parse_helper, Message : ret[""ebit""] =  rowvalues[""ebit""]']]"
151,"['FEDU', 'KeyError', KeyError(2015), ['File : soneprocess.py , Line : 90, Func.Name : parse_helper, Message : revenue_growth = (revenue[ipo_year] - revenue[ipo_year-1]) / revenue[ipo_year-1]']]"
152,"['APLS', 'KeyError', KeyError('totalrevenue'), [""File : soneprocess.py , Line : 75, Func.Name : parse_helper, Message : revenue[ipo_year-1] = rowvalues['totalrevenue']""]]"
153,"['ERYP', 'KeyError', KeyError('costofrevenue'), [""File : soneprocess.py , Line : 83, Func.Name : parse_helper, Message : ret['costofrevenue']=rowvalues['costofrevenue']""]]"
154,"['SBT', 'KeyError', KeyError('ebit'), ['File : soneprocess.py , Line : 79, Func.Name : parse_helper, Message : ret[""ebit""] =  rowvalues[""ebit""]']]"
155,"['SFIX', 'KeyError', KeyError(2015), ['File : soneprocess.py , Line : 90, Func.Name : parse_helper, Message : revenue_growth = (revenue[ipo_year] - revenue[ipo_year-1]) / revenue[ipo_year-1]']]"
156,"['SCPH', 'KeyError', KeyError('totalrevenue'), [""File : soneprocess.py , Line : 75, Func.Name : parse_helper, Message : revenue[ipo_year-1] = rowvalues['totalrevenue']""]]"
157,"['SURF', 'KeyError', KeyError('costofrevenue'), [""File : soneprocess.py , Line : 83, Func.Name : parse_helper, Message : ret['costofrevenue']=rowvalues['costofrevenue']""]]"
158,"['LEVL', 'KeyError', KeyError('ebit'), ['File : soneprocess.py , Line : 79, Func.Name : parse_helper, Message : ret[""ebit""] =  rowvalues[""ebit""]']]"
159,"['GSHD', 'KeyError', KeyError('grossprofit'), [""File : soneprocess.py , Line : 80, Func.Name : parse_helper, Message : ret['grossprofit']=rowvalues['grossprofit']""]]"
160,"['UBX', 'KeyError', KeyError('costofrevenue'), [""File : soneprocess.py , Line : 83, Func.Name : parse_helper, Message : ret['costofrevenue']=rowvalues['costofrevenue']""]]"
161,"['STXB', 'KeyError', KeyError('ebit'), ['File : soneprocess.py , Line : 79, Func.Name : parse_helper, Message : ret[""ebit""] =  rowvalues[""ebit""]']]"
162,"['BCML', 'KeyError', KeyError('ebit'), ['File : soneprocess.py , Line : 79, Func.Name : parse_helper, Message : ret[""ebit""] =  rowvalues[""ebit""]']]"
163,"['EVLO', 'KeyError', KeyError('totalrevenue'), [""File : soneprocess.py , Line : 75, Func.Name : parse_helper, Message : revenue[ipo_year-1] = rowvalues['totalrevenue']""]]"
164,"['OBNK', 'KeyError', KeyError('ebit'), ['File : soneprocess.py , Line : 79, Func.Name : parse_helper, Message : ret[""ebit""] =  rowvalues[""ebit""]']]"
165,"['EQH', 'KeyError', KeyError('ebit'), ['File : soneprocess.py , Line : 79, Func.Name : parse_helper, Message : ret[""ebit""] =  rowvalues[""ebit""]']]"
166,"['SRRK', 'KeyError', KeyError('totalrevenue'), [""File : soneprocess.py , Line : 77, Func.Name : parse_helper, Message : revenue[ipo_year] = rowvalues['totalrevenue']""]]"
167,"['KNSA', 'KeyError', KeyError('totalrevenue'), [""File : soneprocess.py , Line : 75, Func.Name : parse_helper, Message : revenue[ipo_year-1] = rowvalues['totalrevenue']""]]"
168,"['ITRM', 'KeyError', KeyError('costofrevenue'), [""File : soneprocess.py , Line : 83, Func.Name : parse_helper, Message : ret['costofrevenue']=rowvalues['costofrevenue']""]]"
169,"['MGTX', 'KeyError', KeyError('totalrevenue'), [""File : soneprocess.py , Line : 75, Func.Name : parse_helper, Message : revenue[ipo_year-1] = rowvalues['totalrevenue']""]]"
170,"['VRCA', 'KeyError', KeyError('totalrevenue'), [""File : soneprocess.py , Line : 75, Func.Name : parse_helper, Message : revenue[ipo_year-1] = rowvalues['totalrevenue']""]]"
171,"['EPRT', 'KeyError', KeyError(2016), ['File : soneprocess.py , Line : 90, Func.Name : parse_helper, Message : revenue_growth = (revenue[ipo_year] - revenue[ipo_year-1]) / revenue[ipo_year-1]']]"
172,"['MGTA', 'KeyError', KeyError('costofrevenue'), [""File : soneprocess.py , Line : 83, Func.Name : parse_helper, Message : ret['costofrevenue']=rowvalues['costofrevenue']""]]"
173,"['KZR', 'KeyError', KeyError('totalrevenue'), [""File : soneprocess.py , Line : 75, Func.Name : parse_helper, Message : revenue[ipo_year-1] = rowvalues['totalrevenue']""]]"
174,"['APTX', 'KeyError', KeyError('costofrevenue'), [""File : soneprocess.py , Line : 83, Func.Name : parse_helper, Message : ret['costofrevenue']=rowvalues['costofrevenue']""]]"
175,"['AVRO', 'KeyError', KeyError('totalrevenue'), [""File : soneprocess.py , Line : 75, Func.Name : parse_helper, Message : revenue[ipo_year-1] = rowvalues['totalrevenue']""]]"
176,"['AUTL', 'KeyError', KeyError('costofrevenue'), [""File : soneprocess.py , Line : 83, Func.Name : parse_helper, Message : ret['costofrevenue']=rowvalues['costofrevenue']""]]"
177,"['ENTX', 'ZeroDivisionError', ZeroDivisionError('float division by zero'), ['File : soneprocess.py , Line : 90, Func.Name : parse_helper, Message : revenue_growth = (revenue[ipo_year] - revenue[ipo_year-1]) / revenue[ipo_year-1]']]"
178,"['TCDA', 'KeyError', KeyError('totalrevenue'), [""File : soneprocess.py , Line : 75, Func.Name : parse_helper, Message : revenue[ipo_year-1] = rowvalues['totalrevenue']""]]"
179,"['TBIO', 'KeyError', KeyError('totalrevenue'), [""File : soneprocess.py , Line : 75, Func.Name : parse_helper, Message : revenue[ipo_year-1] = rowvalues['totalrevenue']""]]"
180,"['DOMO', 'KeyError', KeyError(2016), ['File : soneprocess.py , Line : 90, Func.Name : parse_helper, Message : revenue_growth = (revenue[ipo_year] - revenue[ipo_year-1]) / revenue[ipo_year-1]']]"
181,"['CRNX', 'KeyError', KeyError('costofrevenue'), [""File : soneprocess.py , Line : 83, Func.Name : parse_helper, Message : ret['costofrevenue']=rowvalues['costofrevenue']""]]"
182,"['CCB', 'KeyError', KeyError('ebit'), ['File : soneprocess.py , Line : 79, Func.Name : parse_helper, Message : ret[""ebit""] =  rowvalues[""ebit""]']]"
183,"['RUBY', 'KeyError', KeyError('costofrevenue'), [""File : soneprocess.py , Line : 83, Func.Name : parse_helper, Message : ret['costofrevenue']=rowvalues['costofrevenue']""]]"
184,"['ALLK', 'KeyError', KeyError('totalrevenue'), [""File : soneprocess.py , Line : 75, Func.Name : parse_helper, Message : revenue[ipo_year-1] = rowvalues['totalrevenue']""]]"
185,"['CNST', 'KeyError', KeyError('totalrevenue'), [""File : soneprocess.py , Line : 77, Func.Name : parse_helper, Message : revenue[ipo_year] = rowvalues['totalrevenue']""]]"
186,"['MYFW', 'KeyError', KeyError('ebit'), ['File : soneprocess.py , Line : 79, Func.Name : parse_helper, Message : ret[""ebit""] =  rowvalues[""ebit""]']]"
187,"['REPL', 'KeyError', KeyError('totalrevenue'), [""File : soneprocess.py , Line : 77, Func.Name : parse_helper, Message : revenue[ipo_year] = rowvalues['totalrevenue']""]]"
188,"['FOCS', 'KeyError', KeyError('ebit'), ['File : soneprocess.py , Line : 79, Func.Name : parse_helper, Message : ret[""ebit""] =  rowvalues[""ebit""]']]"
189,"['OPRA', 'KeyError', KeyError(2016), ['File : soneprocess.py , Line : 90, Func.Name : parse_helper, Message : revenue_growth = (revenue[ipo_year] - revenue[ipo_year-1]) / revenue[ipo_year-1]']]"
190,"['PCB', 'KeyError', KeyError('ebit'), ['File : soneprocess.py , Line : 79, Func.Name : parse_helper, Message : ret[""ebit""] =  rowvalues[""ebit""]']]"
191,"['ARDS', 'KeyError', KeyError('costofrevenue'), [""File : soneprocess.py , Line : 83, Func.Name : parse_helper, Message : ret['costofrevenue']=rowvalues['costofrevenue']""]]"
192,"['KOD', 'KeyError', KeyError('totalrevenue'), [""File : soneprocess.py , Line : 75, Func.Name : parse_helper, Message : revenue[ipo_year-1] = rowvalues['totalrevenue']""]]"
193,"['ESTC', 'KeyError', KeyError(2016), ['File : soneprocess.py , Line : 90, Func.Name : parse_helper, Message : revenue_growth = (revenue[ipo_year] - revenue[ipo_year-1]) / revenue[ipo_year-1]']]"
194,"['ALLO', 'KeyError', KeyError('totalrevenue'), [""File : soneprocess.py , Line : 77, Func.Name : parse_helper, Message : revenue[ipo_year] = rowvalues['totalrevenue']""]]"
195,"['PHAS', 'KeyError', KeyError('totalrevenue'), [""File : soneprocess.py , Line : 75, Func.Name : parse_helper, Message : revenue[ipo_year-1] = rowvalues['totalrevenue']""]]"
196,"['OSMT', 'KeyError', KeyError(2016), ['File : soneprocess.py , Line : 90, Func.Name : parse_helper, Message : revenue_growth = (revenue[ipo_year] - revenue[ipo_year-1]) / revenue[ipo_year-1]']]"
197,"['LOGC', 'KeyError', KeyError('totalrevenue'), [""File : soneprocess.py , Line : 75, Func.Name : parse_helper, Message : revenue[ipo_year-1] = rowvalues['totalrevenue']""]]"
198,"['GMDA', 'KeyError', KeyError('totalrevenue'), [""File : soneprocess.py , Line : 75, Func.Name : parse_helper, Message : revenue[ipo_year-1] = rowvalues['totalrevenue']""]]"
199,"['ORTX', 'ZeroDivisionError', ZeroDivisionError('float division by zero'), ['File : soneprocess.py , Line : 90, Func.Name : parse_helper, Message : revenue_growth = (revenue[ipo_year] - revenue[ipo_year-1]) / revenue[ipo_year-1]']]"
200,"['AXNX', 'ZeroDivisionError', ZeroDivisionError('float division by zero'), ['File : soneprocess.py , Line : 90, Func.Name : parse_helper, Message : revenue_growth = (revenue[ipo_year] - revenue[ipo_year-1]) / revenue[ipo_year-1]']]"
201,"['CNF', 'KeyError', KeyError('ebit'), ['File : soneprocess.py , Line : 79, Func.Name : parse_helper, Message : ret[""ebit""] =  rowvalues[""ebit""]']]"
202,"['ETON', 'KeyError', KeyError(2017), ['File : soneprocess.py , Line : 90, Func.Name : parse_helper, Message : revenue_growth = (revenue[ipo_year] - revenue[ipo_year-1]) / revenue[ipo_year-1]']]"
203,"['WEI', 'KeyError', KeyError('ebit'), ['File : soneprocess.py , Line : 79, Func.Name : parse_helper, Message : ret[""ebit""] =  rowvalues[""ebit""]']]"
204,"['TLC', 'KeyError', KeyError('costofrevenue'), [""File : soneprocess.py , Line : 83, Func.Name : parse_helper, Message : ret['costofrevenue']=rowvalues['costofrevenue']""]]"
205,"['MOGU', 'KeyError', KeyError(2016), ['File : soneprocess.py , Line : 90, Func.Name : parse_helper, Message : revenue_growth = (revenue[ipo_year] - revenue[ipo_year-1]) / revenue[ipo_year-1]']]"
206,"['MRNA', 'KeyError', KeyError('costofrevenue'), [""File : soneprocess.py , Line : 83, Func.Name : parse_helper, Message : ret['costofrevenue']=rowvalues['costofrevenue']""]]"
207,"['DMAC', 'KeyError', KeyError('totalrevenue'), [""File : soneprocess.py , Line : 75, Func.Name : parse_helper, Message : revenue[ipo_year-1] = rowvalues['totalrevenue']""]]"
208,"['QFIN', 'KeyError', KeyError('ebit'), ['File : soneprocess.py , Line : 79, Func.Name : parse_helper, Message : ret[""ebit""] =  rowvalues[""ebit""]']]"
209,"['APM', 'KeyError', KeyError(2017), ['File : soneprocess.py , Line : 90, Func.Name : parse_helper, Message : revenue_growth = (revenue[ipo_year] - revenue[ipo_year-1]) / revenue[ipo_year-1]']]"
210,"['AMTB', 'KeyError', KeyError('ebit'), ['File : soneprocess.py , Line : 79, Func.Name : parse_helper, Message : ret[""ebit""] =  rowvalues[""ebit""]']]"
211,"['MDJH', 'KeyError', KeyError('costofrevenue'), [""File : soneprocess.py , Line : 83, Func.Name : parse_helper, Message : ret['costofrevenue']=rowvalues['costofrevenue']""]]"
212,"['TIGR', 'KeyError', KeyError('ebit'), ['File : soneprocess.py , Line : 79, Func.Name : parse_helper, Message : ret[""ebit""] =  rowvalues[""ebit""]']]"
213,"['GNFT', 'KeyError', KeyError('costofrevenue'), [""File : soneprocess.py , Line : 83, Func.Name : parse_helper, Message : ret['costofrevenue']=rowvalues['costofrevenue']""]]"
214,"['DTIL', 'KeyError', KeyError('costofrevenue'), [""File : soneprocess.py , Line : 83, Func.Name : parse_helper, Message : ret['costofrevenue']=rowvalues['costofrevenue']""]]"
215,"['TMDX', 'KeyError', KeyError(2017), ['File : soneprocess.py , Line : 90, Func.Name : parse_helper, Message : revenue_growth = (revenue[ipo_year] - revenue[ipo_year-1]) / revenue[ipo_year-1]']]"
216,"['RRBI', 'KeyError', KeyError('ebit'), ['File : soneprocess.py , Line : 79, Func.Name : parse_helper, Message : ret[""ebit""] =  rowvalues[""ebit""]']]"
217,"['TRVI', 'KeyError', KeyError('totalrevenue'), [""File : soneprocess.py , Line : 75, Func.Name : parse_helper, Message : revenue[ipo_year-1] = rowvalues['totalrevenue']""]]"
218,"['SPFI', 'KeyError', KeyError('ebit'), ['File : soneprocess.py , Line : 79, Func.Name : parse_helper, Message : ret[""ebit""] =  rowvalues[""ebit""]']]"
219,"['MIST', 'KeyError', KeyError('totalrevenue'), [""File : soneprocess.py , Line : 75, Func.Name : parse_helper, Message : revenue[ipo_year-1] = rowvalues['totalrevenue']""]]"
220,"['NXTC', 'KeyError', KeyError('totalrevenue'), [""File : soneprocess.py , Line : 75, Func.Name : parse_helper, Message : revenue[ipo_year-1] = rowvalues['totalrevenue']""]]"
221,"['CRTX', 'KeyError', KeyError('totalrevenue'), [""File : soneprocess.py , Line : 75, Func.Name : parse_helper, Message : revenue[ipo_year-1] = rowvalues['totalrevenue']""]]"
222,"['AXLA', 'KeyError', KeyError('totalrevenue'), [""File : soneprocess.py , Line : 75, Func.Name : parse_helper, Message : revenue[ipo_year-1] = rowvalues['totalrevenue']""]]"
223,"['JFIN', 'KeyError', KeyError('ebit'), ['File : soneprocess.py , Line : 79, Func.Name : parse_helper, Message : ret[""ebit""] =  rowvalues[""ebit""]']]"
224,"['BCYC', 'KeyError', KeyError('costofrevenue'), [""File : soneprocess.py , Line : 83, Func.Name : parse_helper, Message : ret['costofrevenue']=rowvalues['costofrevenue']""]]"
225,"['IDYA', 'KeyError', KeyError('totalrevenue'), [""File : soneprocess.py , Line : 75, Func.Name : parse_helper, Message : revenue[ipo_year-1] = rowvalues['totalrevenue']""]]"
226,"['FULC', 'KeyError', KeyError('totalrevenue'), [""File : soneprocess.py , Line : 75, Func.Name : parse_helper, Message : revenue[ipo_year-1] = rowvalues['totalrevenue']""]]"
227,"['MIRM', 'KeyError', KeyError('totalrevenue'), [""File : soneprocess.py , Line : 77, Func.Name : parse_helper, Message : revenue[ipo_year] = rowvalues['totalrevenue']""]]"
228,"['GMAB', 'KeyError', KeyError('costofrevenue'), [""File : soneprocess.py , Line : 83, Func.Name : parse_helper, Message : ret['costofrevenue']=rowvalues['costofrevenue']""]]"
229,"['PHR', 'KeyError', KeyError(2017), ['File : soneprocess.py , Line : 90, Func.Name : parse_helper, Message : revenue_growth = (revenue[ipo_year] - revenue[ipo_year-1]) / revenue[ipo_year-1]']]"
230,"['AMK', 'KeyError', KeyError('ebit'), ['File : soneprocess.py , Line : 79, Func.Name : parse_helper, Message : ret[""ebit""] =  rowvalues[""ebit""]']]"
231,"['IFS', 'KeyError', KeyError('ebit'), ['File : soneprocess.py , Line : 79, Func.Name : parse_helper, Message : ret[""ebit""] =  rowvalues[""ebit""]']]"
232,"['MDLA', 'KeyError', KeyError(2017), ['File : soneprocess.py , Line : 90, Func.Name : parse_helper, Message : revenue_growth = (revenue[ipo_year] - revenue[ipo_year-1]) / revenue[ipo_year-1]']]"
233,"['PROS', 'KeyError', KeyError('grossprofit'), [""File : soneprocess.py , Line : 80, Func.Name : parse_helper, Message : ret['grossprofit']=rowvalues['grossprofit']""]]"
234,"['VIST', 'KeyError', KeyError('totalrevenue'), [""File : soneprocess.py , Line : 75, Func.Name : parse_helper, Message : revenue[ipo_year-1] = rowvalues['totalrevenue']""]]"
235,"['SNDL', 'KeyError', KeyError('totalrevenue'), [""File : soneprocess.py , Line : 75, Func.Name : parse_helper, Message : revenue[ipo_year-1] = rowvalues['totalrevenue']""]]"
236,"['HKIB', 'KeyError', KeyError('totalrevenue'), [""File : soneprocess.py , Line : 75, Func.Name : parse_helper, Message : revenue[ipo_year-1] = rowvalues['totalrevenue']""]]"
237,"['JFU', 'KeyError', KeyError('ebit'), ['File : soneprocess.py , Line : 79, Func.Name : parse_helper, Message : ret[""ebit""] =  rowvalues[""ebit""]']]"
238,"['CFB', 'KeyError', KeyError('ebit'), ['File : soneprocess.py , Line : 79, Func.Name : parse_helper, Message : ret[""ebit""] =  rowvalues[""ebit""]']]"
239,"['SI', 'KeyError', KeyError('ebit'), ['File : soneprocess.py , Line : 79, Func.Name : parse_helper, Message : ret[""ebit""] =  rowvalues[""ebit""]']]"
240,"['GRTX', 'KeyError', KeyError('totalrevenue'), [""File : soneprocess.py , Line : 75, Func.Name : parse_helper, Message : revenue[ipo_year-1] = rowvalues['totalrevenue']""]]"
241,"['ETNB', 'KeyError', KeyError('totalrevenue'), [""File : soneprocess.py , Line : 77, Func.Name : parse_helper, Message : revenue[ipo_year] = rowvalues['totalrevenue']""]]"
242,"['BILL', 'KeyError', KeyError(2017), ['File : soneprocess.py , Line : 90, Func.Name : parse_helper, Message : revenue_growth = (revenue[ipo_year] - revenue[ipo_year-1]) / revenue[ipo_year-1]']]"
243,"['BEAM', 'KeyError', KeyError('costofrevenue'), [""File : soneprocess.py , Line : 83, Func.Name : parse_helper, Message : ret['costofrevenue']=rowvalues['costofrevenue']""]]"
244,"['PFHD', 'KeyError', KeyError('ebit'), ['File : soneprocess.py , Line : 79, Func.Name : parse_helper, Message : ret[""ebit""] =  rowvalues[""ebit""]']]"
245,"['HUIZ', 'KeyError', KeyError('grossprofit'), [""File : soneprocess.py , Line : 80, Func.Name : parse_helper, Message : ret['grossprofit']=rowvalues['grossprofit']""]]"
246,"['RVMD', 'KeyError', KeyError('costofrevenue'), [""File : soneprocess.py , Line : 83, Func.Name : parse_helper, Message : ret['costofrevenue']=rowvalues['costofrevenue']""]]"
247,"['PASG', 'KeyError', KeyError('totalrevenue'), [""File : soneprocess.py , Line : 75, Func.Name : parse_helper, Message : revenue[ipo_year-1] = rowvalues['totalrevenue']""]]"
248,"['LYRA', 'KeyError', KeyError('totalrevenue'), [""File : soneprocess.py , Line : 77, Func.Name : parse_helper, Message : revenue[ipo_year] = rowvalues['totalrevenue']""]]"
249,"['GAN', 'KeyError', KeyError(2018), ['File : soneprocess.py , Line : 90, Func.Name : parse_helper, Message : revenue_growth = (revenue[ipo_year] - revenue[ipo_year-1]) / revenue[ipo_year-1]']]"
250,"['AYLA', 'ZeroDivisionError', ZeroDivisionError('float division by zero'), ['File : soneprocess.py , Line : 90, Func.Name : parse_helper, Message : revenue_growth = (revenue[ipo_year] - revenue[ipo_year-1]) / revenue[ipo_year-1]']]"
251,"['ADCT', 'KeyError', KeyError('costofrevenue'), [""File : soneprocess.py , Line : 83, Func.Name : parse_helper, Message : ret['costofrevenue']=rowvalues['costofrevenue']""]]"
252,"['PLRX', 'KeyError', KeyError('costofrevenue'), [""File : soneprocess.py , Line : 83, Func.Name : parse_helper, Message : ret['costofrevenue']=rowvalues['costofrevenue']""]]"
253,"['LEGN', 'KeyError', KeyError('costofrevenue'), [""File : soneprocess.py , Line : 83, Func.Name : parse_helper, Message : ret['costofrevenue']=rowvalues['costofrevenue']""]]"
254,"['CALT', 'KeyError', KeyError('costofrevenue'), [""File : soneprocess.py , Line : 83, Func.Name : parse_helper, Message : ret['costofrevenue']=rowvalues['costofrevenue']""]]"
255,"['AMTI', 'KeyError', KeyError('totalrevenue'), [""File : soneprocess.py , Line : 75, Func.Name : parse_helper, Message : revenue[ipo_year-1] = rowvalues['totalrevenue']""]]"
256,"['GBIO', 'KeyError', KeyError('totalrevenue'), [""File : soneprocess.py , Line : 77, Func.Name : parse_helper, Message : revenue[ipo_year] = rowvalues['totalrevenue']""]]"
257,"['PCVX', 'KeyError', KeyError('totalrevenue'), [""File : soneprocess.py , Line : 75, Func.Name : parse_helper, Message : revenue[ipo_year-1] = rowvalues['totalrevenue']""]]"
258,"['RNA', 'KeyError', KeyError('costofrevenue'), [""File : soneprocess.py , Line : 83, Func.Name : parse_helper, Message : ret['costofrevenue']=rowvalues['costofrevenue']""]]"
259,"['RPTX', 'KeyError', KeyError('totalrevenue'), [""File : soneprocess.py , Line : 75, Func.Name : parse_helper, Message : revenue[ipo_year-1] = rowvalues['totalrevenue']""]]"
260,"['FMTX', 'KeyError', KeyError('costofrevenue'), [""File : soneprocess.py , Line : 83, Func.Name : parse_helper, Message : ret['costofrevenue']=rowvalues['costofrevenue']""]]"
261,"['PYPD', 'KeyError', KeyError('totalrevenue'), [""File : soneprocess.py , Line : 75, Func.Name : parse_helper, Message : revenue[ipo_year-1] = rowvalues['totalrevenue']""]]"
262,"['AKUS', 'KeyError', KeyError('totalrevenue'), [""File : soneprocess.py , Line : 75, Func.Name : parse_helper, Message : revenue[ipo_year-1] = rowvalues['totalrevenue']""]]"
263,"['FUSN', 'KeyError', KeyError('totalrevenue'), [""File : soneprocess.py , Line : 75, Func.Name : parse_helper, Message : revenue[ipo_year-1] = rowvalues['totalrevenue']""]]"
264,"['DNB', 'KeyError', KeyError('costofrevenue'), [""File : soneprocess.py , Line : 83, Func.Name : parse_helper, Message : ret['costofrevenue']=rowvalues['costofrevenue']""]]"
265,"['LMND', 'KeyError', KeyError('grossprofit'), [""File : soneprocess.py , Line : 80, Func.Name : parse_helper, Message : ret['grossprofit']=rowvalues['grossprofit']""]]"
266,"['PSTX', 'KeyError', KeyError('totalrevenue'), [""File : soneprocess.py , Line : 75, Func.Name : parse_helper, Message : revenue[ipo_year-1] = rowvalues['totalrevenue']""]]"
267,"['NKTX', 'KeyError', KeyError('costofrevenue'), [""File : soneprocess.py , Line : 83, Func.Name : parse_helper, Message : ret['costofrevenue']=rowvalues['costofrevenue']""]]"
268,"['IVA', 'KeyError', KeyError('costofrevenue'), [""File : soneprocess.py , Line : 83, Func.Name : parse_helper, Message : ret['costofrevenue']=rowvalues['costofrevenue']""]]"
269,"['RLAY', 'KeyError', KeyError('totalrevenue'), [""File : soneprocess.py , Line : 75, Func.Name : parse_helper, Message : revenue[ipo_year-1] = rowvalues['totalrevenue']""]]"
270,"['RNLX', 'KeyError', KeyError('totalrevenue'), [""File : soneprocess.py , Line : 77, Func.Name : parse_helper, Message : revenue[ipo_year] = rowvalues['totalrevenue']""]]"
271,"['ITOS', 'KeyError', KeyError('totalrevenue'), [""File : soneprocess.py , Line : 75, Func.Name : parse_helper, Message : revenue[ipo_year-1] = rowvalues['totalrevenue']""]]"
272,"['INZY', 'KeyError', KeyError('totalrevenue'), [""File : soneprocess.py , Line : 75, Func.Name : parse_helper, Message : revenue[ipo_year-1] = rowvalues['totalrevenue']""]]"
273,"['ANNX', 'KeyError', KeyError('totalrevenue'), [""File : soneprocess.py , Line : 75, Func.Name : parse_helper, Message : revenue[ipo_year-1] = rowvalues['totalrevenue']""]]"
274,"['NRIX', 'KeyError', KeyError('costofrevenue'), [""File : soneprocess.py , Line : 83, Func.Name : parse_helper, Message : ret['costofrevenue']=rowvalues['costofrevenue']""]]"
275,"['LI', 'ZeroDivisionError', ZeroDivisionError('float division by zero'), ['File : soneprocess.py , Line : 90, Func.Name : parse_helper, Message : revenue_growth = (revenue[ipo_year] - revenue[ipo_year-1]) / revenue[ipo_year-1]']]"
276,"['ALVR', 'KeyError', KeyError('costofrevenue'), [""File : soneprocess.py , Line : 83, Func.Name : parse_helper, Message : ret['costofrevenue']=rowvalues['costofrevenue']""]]"
277,"['RKT', 'KeyError', KeyError('ebit'), ['File : soneprocess.py , Line : 79, Func.Name : parse_helper, Message : ret[""ebit""] =  rowvalues[""ebit""]']]"
278,"['IBEX', 'KeyError', KeyError('costofrevenue'), [""File : soneprocess.py , Line : 83, Func.Name : parse_helper, Message : ret['costofrevenue']=rowvalues['costofrevenue']""]]"
279,"['CMPI', 'KeyError', KeyError('totalrevenue'), [""File : soneprocess.py , Line : 75, Func.Name : parse_helper, Message : revenue[ipo_year-1] = rowvalues['totalrevenue']""]]"
280,"['KBNT', 'KeyError', KeyError('costofrevenue'), [""File : soneprocess.py , Line : 83, Func.Name : parse_helper, Message : ret['costofrevenue']=rowvalues['costofrevenue']""]]"
281,"['INBX', 'KeyError', KeyError('costofrevenue'), [""File : soneprocess.py , Line : 83, Func.Name : parse_helper, Message : ret['costofrevenue']=rowvalues['costofrevenue']""]]"
282,"['HRMY', 'ZeroDivisionError', ZeroDivisionError('float division by zero'), ['File : soneprocess.py , Line : 90, Func.Name : parse_helper, Message : revenue_growth = (revenue[ipo_year] - revenue[ipo_year-1]) / revenue[ipo_year-1]']]"
283,"['KYMR', 'KeyError', KeyError('costofrevenue'), [""File : soneprocess.py , Line : 83, Func.Name : parse_helper, Message : ret['costofrevenue']=rowvalues['costofrevenue']""]]"
284,"['NNOX', 'KeyError', KeyError('totalrevenue'), [""File : soneprocess.py , Line : 75, Func.Name : parse_helper, Message : revenue[ipo_year-1] = rowvalues['totalrevenue']""]]"
285,"['MTCR', 'KeyError', KeyError('totalrevenue'), [""File : soneprocess.py , Line : 77, Func.Name : parse_helper, Message : revenue[ipo_year] = rowvalues['totalrevenue']""]]"
286,"['STEP', 'KeyError', KeyError(2019), ['File : soneprocess.py , Line : 90, Func.Name : parse_helper, Message : revenue_growth = (revenue[ipo_year] - revenue[ipo_year-1]) / revenue[ipo_year-1]']]"
287,"['SNOW', 'KeyError', KeyError(2018), ['File : soneprocess.py , Line : 90, Func.Name : parse_helper, Message : revenue_growth = (revenue[ipo_year] - revenue[ipo_year-1]) / revenue[ipo_year-1]']]"
288,"['DYN', 'KeyError', KeyError('totalrevenue'), [""File : soneprocess.py , Line : 75, Func.Name : parse_helper, Message : revenue[ipo_year-1] = rowvalues['totalrevenue']""]]"
289,"['CMPS', 'KeyError', KeyError('totalrevenue'), [""File : soneprocess.py , Line : 75, Func.Name : parse_helper, Message : revenue[ipo_year-1] = rowvalues['totalrevenue']""]]"
290,"['VTRU', 'KeyError', KeyError('totalrevenue'), [""File : soneprocess.py , Line : 75, Func.Name : parse_helper, Message : revenue[ipo_year-1] = rowvalues['totalrevenue']""]]"
291,"['ATHA', 'KeyError', KeyError('totalrevenue'), [""File : soneprocess.py , Line : 75, Func.Name : parse_helper, Message : revenue[ipo_year-1] = rowvalues['totalrevenue']""]]"
292,"['TSHA', 'KeyError', KeyError(2019), ['File : soneprocess.py , Line : 90, Func.Name : parse_helper, Message : revenue_growth = (revenue[ipo_year] - revenue[ipo_year-1]) / revenue[ipo_year-1]']]"
293,"['PMVP', 'KeyError', KeyError('totalrevenue'), [""File : soneprocess.py , Line : 75, Func.Name : parse_helper, Message : revenue[ipo_year-1] = rowvalues['totalrevenue']""]]"
294,"['PRLD', 'KeyError', KeyError('totalrevenue'), [""File : soneprocess.py , Line : 75, Func.Name : parse_helper, Message : revenue[ipo_year-1] = rowvalues['totalrevenue']""]]"
295,"['GRAY', 'KeyError', KeyError('totalrevenue'), [""File : soneprocess.py , Line : 75, Func.Name : parse_helper, Message : revenue[ipo_year-1] = rowvalues['totalrevenue']""]]"
296,"['AMST', 'KeyError', KeyError('costofrevenue'), [""File : soneprocess.py , Line : 83, Func.Name : parse_helper, Message : ret['costofrevenue']=rowvalues['costofrevenue']""]]"
297,"['ORPH', 'KeyError', KeyError('totalrevenue'), [""File : soneprocess.py , Line : 75, Func.Name : parse_helper, Message : revenue[ipo_year-1] = rowvalues['totalrevenue']""]]"
298,"['BQ', 'KeyError', KeyError(2018), ['File : soneprocess.py , Line : 90, Func.Name : parse_helper, Message : revenue_growth = (revenue[ipo_year] - revenue[ipo_year-1]) / revenue[ipo_year-1]']]"
299,"['NGMS', 'KeyError', KeyError('costofrevenue'), [""File : soneprocess.py , Line : 83, Func.Name : parse_helper, Message : ret['costofrevenue']=rowvalues['costofrevenue']""]]"
300,"['OLMA', 'KeyError', KeyError('totalrevenue'), [""File : soneprocess.py , Line : 75, Func.Name : parse_helper, Message : revenue[ipo_year-1] = rowvalues['totalrevenue']""]]"
